<?xml version="1.0" encoding="UTF-8"?>
<!DOCTYPE codetemplates PUBLIC "-//NetBeans//DTD Editor Code Templates settings 1.0//EN" "http://www.netbeans.org/dtds/EditorCodeTemplates-1_0.dtd">
<codetemplates>
    <codetemplate abbreviation="urqi" xml:space="preserve">
        <code><![CDATA[X${Interface} x${Interface} = (X${Interface})UnoRuntime.queryInterface(X${Interface}.class, ${EXP leftSideType instanceof="java.lang.Object" default="oObject"});]]></code>
    </codetemplate>
    <codetemplate abbreviation="oohd" xml:space="preserve">
        <code><![CDATA[/*************************************************************************
 *
 * DO NOT ALTER OR REMOVE COPYRIGHT NOTICES OR THIS FILE HEADER.
 *
 * Copyright 2008 by Sun Microsystems, Inc.
 *
 * OpenOffice.org - a multi-platform office productivity suite
 *
 * $RCSfile: XY.java,v $
 * $Revision: 1.0 $
 *
 * This file is part of OpenOffice.org.
 *
 * OpenOffice.org is free software: you can redistribute it and/or modify
 * it under the terms of the GNU Lesser General Public License version 3
 * only, as published by the Free Software Foundation.
 *
 * OpenOffice.org is distributed in the hope that it will be useful,
 * but WITHOUT ANY WARRANTY; without even the implied warranty of
 * MERCHANTABILITY or FITNESS FOR A PARTICULAR PURPOSE.  See the
 * GNU Lesser General Public License version 3 for more details
 * (a copy is included in the LICENSE file that accompanied this code).
 *
 * You should have received a copy of the GNU Lesser General Public License
 * version 3 along with OpenOffice.org.  If not, see
 * <http://www.openoffice.org/license.html>
 * for a copy of the LGPLv3 License.
 *
 ************************************************************************/
]]></code>
    </codetemplate>
</codetemplates>
